sample  ,gene,tumor,cell_line,E2_status
Adrenal.1,GABRP,Adrenal,MCF7,E2
Adrenal.1,PCDH10,Adrenal,MCF7,E2
Adrenal.1,ITGB6,Adrenal,MCF7,E2
Adrenal.1,FBN2,Adrenal,MCF7,E2
Adrenal.1,KCNK2,Adrenal,MCF7,E2
Adrenal.1,GPR171,Adrenal,MCF7,E2
Adrenal.1,RASGRP1,Adrenal,MCF7,E2
Adrenal.1,COL3A1,Adrenal,MCF7,E2
Adrenal.1,EYA2,Adrenal,MCF7,E2
Adrenal.1,CYP24A1,Adrenal,MCF7,E2
Adrenal.1,IFI44L,Adrenal,MCF7,E2
Adrenal.1,LINC00052,Adrenal,MCF7,E2
Adrenal.1,PLCXD3,Adrenal,MCF7,E2
Adrenal.1,ANXA1,Adrenal,MCF7,E2
Adrenal.1,DCLK1,Adrenal,MCF7,E2
Adrenal.1,DACH2,Adrenal,MCF7,E2
Adrenal.1,LDLRAD4,Adrenal,MCF7,E2
Adrenal.1,TGFB2,Adrenal,MCF7,E2
Adrenal.1,PMEPA1,Adrenal,MCF7,E2
Adrenal.1,LRRTM3,Adrenal,MCF7,E2
Adrenal.1,SELL,Adrenal,MCF7,E2
Adrenal.1,NFIA,Adrenal,MCF7,E2
Adrenal.1,TGM2,Adrenal,MCF7,E2
Adrenal.1,CDH26,Adrenal,MCF7,E2
Adrenal.1,SULF1,Adrenal,MCF7,E2
Adrenal.1,COL18A1-AS1,Adrenal,MCF7,E2
Adrenal.1,SPOCK1,Adrenal,MCF7,E2
Adrenal.1,OLFML2A,Adrenal,MCF7,E2
Adrenal.1,AARD,Adrenal,MCF7,E2
Adrenal.1,INAVA,Adrenal,MCF7,E2
Adrenal.1,NREP,Adrenal,MCF7,E2
Adrenal.1,HPGD,Adrenal,MCF7,E2
Adrenal.1,IFI44,Adrenal,MCF7,E2
Adrenal.1,PLEKHH2,Adrenal,MCF7,E2
Adrenal.1,AREG,Adrenal,MCF7,E2
Adrenal.1,FIRRE,Adrenal,MCF7,E2
Adrenal.1,CACHD1,Adrenal,MCF7,E2
Adrenal.1,ARHGAP26,Adrenal,MCF7,E2
Adrenal.1,KRT80,Adrenal,MCF7,E2
Adrenal.1,THBS1,Adrenal,MCF7,E2
Adrenal.2,XIST,Adrenal,MCF7,E2
Adrenal.2,RAB23,Adrenal,MCF7,E2
Adrenal.2,PCDH10,Adrenal,MCF7,E2
Adrenal.2,LRRTM3,Adrenal,MCF7,E2
Adrenal.2,RNA5S1,Adrenal,MCF7,E2
Adrenal.2,RNA5S5,Adrenal,MCF7,E2
Adrenal.2,RNA5S6,Adrenal,MCF7,E2
Adrenal.2,RNA5S4,Adrenal,MCF7,E2
Adrenal.2,RNA5S2,Adrenal,MCF7,E2
Adrenal.2,RNA5S3,Adrenal,MCF7,E2
Adrenal.2,RNA5S8,Adrenal,MCF7,E2
Adrenal.2,RNA5S7,Adrenal,MCF7,E2
Adrenal.2,GABRP,Adrenal,MCF7,E2
Adrenal.2,COL3A1,Adrenal,MCF7,E2
Adrenal.2,LINC00645,Adrenal,MCF7,E2
Adrenal.2,ZNF573,Adrenal,MCF7,E2
Adrenal.2,BRINP3,Adrenal,MCF7,E2
Adrenal.2,GLRA3,Adrenal,MCF7,E2
Adrenal.2,KCNC2,Adrenal,MCF7,E2
Adrenal.2,RASGRP1,Adrenal,MCF7,E2
Adrenal.2,EPHA4,Adrenal,MCF7,E2
Adrenal.2,TSIX,Adrenal,MCF7,E2
Adrenal.2,LDLRAD4,Adrenal,MCF7,E2
Adrenal.2,ITGB6,Adrenal,MCF7,E2
Adrenal.2,KCNK2,Adrenal,MCF7,E2
Adrenal.3,IGFBP5,Adrenal,MCF7,E2
Adrenal.3,RNA5S9,Adrenal,MCF7,E2
Adrenal.3,SAMD9,Adrenal,MCF7,E2
Adrenal.3,LNCAROD,Adrenal,MCF7,E2
Adrenal.3,CAV1,Adrenal,MCF7,E2
Adrenal.3,CAV2,Adrenal,MCF7,E2
Adrenal.3,TFPI,Adrenal,MCF7,E2
Adrenal.3,AREG,Adrenal,MCF7,E2
Adrenal.3,WNT7B,Adrenal,MCF7,E2
Adrenal.3,RASGRP1,Adrenal,MCF7,E2
Adrenal.3,CRABP2,Adrenal,MCF7,E2
Adrenal.3,IFI44,Adrenal,MCF7,E2
Adrenal.3,KRT5,Adrenal,MCF7,E2
Adrenal.3,CEACAM6,Adrenal,MCF7,E2
Adrenal.3,DHRS3,Adrenal,MCF7,E2
Adrenal.3,MBNL2,Adrenal,MCF7,E2
Adrenal.3,ITGB6,Adrenal,MCF7,E2
Adrenal.3,IFIT3,Adrenal,MCF7,E2
Adrenal.3,IFI27,Adrenal,MCF7,E2
Adrenal.3,XAF1,Adrenal,MCF7,E2
Adrenal.3,XIST,Adrenal,MCF7,E2
Adrenal.3,LDLRAD4,Adrenal,MCF7,E2
Adrenal.3,KCNJ3,Adrenal,MCF7,E2
Adrenal.3,RNU5F-1,Adrenal,MCF7,E2
Adrenal.3,LAMB3,Adrenal,MCF7,E2
Adrenal.3,ITGB4,Adrenal,MCF7,E2
Adrenal.3,CLDN9,Adrenal,MCF7,E2
Adrenal.3,LPCAT2,Adrenal,MCF7,E2
Adrenal.3,IFI44L,Adrenal,MCF7,E2
Adrenal.3,ANXA3,Adrenal,MCF7,E2
Adrenal.3,SLC6A14,Adrenal,MCF7,E2
Adrenal.3,ADGRF4,Adrenal,MCF7,E2
Adrenal.3,NECAB1,Adrenal,MCF7,E2
Adrenal.3,CAPG,Adrenal,MCF7,E2
Adrenal.3,KYNU,Adrenal,MCF7,E2
Adrenal.3,PLCXD3,Adrenal,MCF7,E2
Adrenal.3,SGCG,Adrenal,MCF7,E2
Adrenal.3,SULF1,Adrenal,MCF7,E2
Adrenal.3,GABRP,Adrenal,MCF7,E2
Adrenal.3,PMP22,Adrenal,MCF7,E2
Adrenal.3,SNORD14A,Adrenal,MCF7,E2
Adrenal.3,OAS3,Adrenal,MCF7,E2
Adrenal.3,RNA5S3,Adrenal,MCF7,E2
Adrenal.3,RNA5S4,Adrenal,MCF7,E2
Adrenal.3,CEACAM5,Adrenal,MCF7,E2
Adrenal.3,RNA5S5,Adrenal,MCF7,E2
Adrenal.3,RNA5S6,Adrenal,MCF7,E2
Adrenal.3,RNA5S7,Adrenal,MCF7,E2
Adrenal.3,MUC5AC,Adrenal,MCF7,E2
Adrenal.3,RNA5S8,Adrenal,MCF7,E2
Adrenal.3,TIMP3,Adrenal,MCF7,E2
Adrenal.3,KRT80,Adrenal,MCF7,E2
Adrenal.3,IFIT2,Adrenal,MCF7,E2
Adrenal.3,RNA5S2,Adrenal,MCF7,E2
Adrenal.3,MPZL2,Adrenal,MCF7,E2
Adrenal.3,S100A10,Adrenal,MCF7,E2
Adrenal.3,ACKR3,Adrenal,MCF7,E2
Adrenal.3,LOXL1,Adrenal,MCF7,E2
Adrenal.3,EGR1,Adrenal,MCF7,E2
Adrenal.3,RNA5S1,Adrenal,MCF7,E2
Adrenal.3,SCARNA15,Adrenal,MCF7,E2
Adrenal.3,UNC13D,Adrenal,MCF7,E2
Adrenal.3,SHFL,Adrenal,MCF7,E2
Adrenal.3,DSG2,Adrenal,MCF7,E2
Adrenal.3,COL4A5,Adrenal,MCF7,E2
Adrenal.3,AHNAK2,Adrenal,MCF7,E2
Adrenal.3,SNORD96A,Adrenal,MCF7,E2
Adrenal.3,SCARNA11,Adrenal,MCF7,E2
Adrenal.3,EGLN3,Adrenal,MCF7,E2
Adrenal.3,PARP10,Adrenal,MCF7,E2
Adrenal.3,SNORA44,Adrenal,MCF7,E2
Adrenal.3,DSC2,Adrenal,MCF7,E2
Adrenal.3,TGM2,Adrenal,MCF7,E2
Adrenal.3,LINC00052,Adrenal,MCF7,E2
Adrenal.3,IFI6,Adrenal,MCF7,E2
Adrenal.3,SOX9,Adrenal,MCF7,E2
Adrenal.3,SP110,Adrenal,MCF7,E2
Adrenal.3,BASP1,Adrenal,MCF7,E2
Adrenal.3,SNORD11,Adrenal,MCF7,E2
Adrenal.3,MYO1B,Adrenal,MCF7,E2
Adrenal.3,TGFBI,Adrenal,MCF7,E2
Adrenal.3,LOXL1-AS1,Adrenal,MCF7,E2
Adrenal.3,BMERB1,Adrenal,MCF7,E2
Adrenal.3,SCARNA18,Adrenal,MCF7,E2
Adrenal.3,GLRA3,Adrenal,MCF7,E2
Adrenal.3,CDR1,Adrenal,MCF7,E2
Adrenal.3,SNORA80A,Adrenal,MCF7,E2
Adrenal.3,OAS2,Adrenal,MCF7,E2
Adrenal.3,PCDH10,Adrenal,MCF7,E2
Adrenal.3,MIR4449,Adrenal,MCF7,E2
Adrenal.3,SNORD58A,Adrenal,MCF7,E2
Adrenal.3,SNORD60,Adrenal,MCF7,E2
Adrenal.3,OAS1,Adrenal,MCF7,E2
Adrenal.3,PMEPA1,Adrenal,MCF7,E2
Adrenal.3,IFIH1,Adrenal,MCF7,E2
Adrenal.3,SNORD26,Adrenal,MCF7,E2
Adrenal.3,SNORA61,Adrenal,MCF7,E2
Adrenal.3,SNORD33,Adrenal,MCF7,E2
Adrenal.3,RNA5S17,Adrenal,MCF7,E2
Adrenal.3,NPY1R,Adrenal,MCF7,E2
Adrenal.3,SNORA50C,Adrenal,MCF7,E2
Adrenal.3,RNU6ATAC,Adrenal,MCF7,E2
Adrenal.3,IFIT1,Adrenal,MCF7,E2
Bone.1,COL3A1,Bone,MCF7,E2
Bone.1,CDC20B,Bone,MCF7,E2
Bone.1,RAP2A,Bone,MCF7,E2
Bone.1,TNNT1,Bone,MCF7,E2
Bone.1,BMPR1B,Bone,MCF7,E2
Bone.1,PQBP1,Bone,MCF7,E2
Bone.1,ZFP64,Bone,MCF7,E2
Bone.1,FSIP1,Bone,MCF7,E2
Bone.1,MAK,Bone,MCF7,E2
Bone.1,KDM1B,Bone,MCF7,E2
Bone.1,CREB3L4,Bone,MCF7,E2
Bone.1,CDC20,Bone,MCF7,E2
Bone.1,DNASE1,Bone,MCF7,E2
Bone.1,KCNJ3,Bone,MCF7,E2
Bone.1,FAM220A,Bone,MCF7,E2
Bone.1,SMYD3,Bone,MCF7,E2
Bone.1,LMBRD1,Bone,MCF7,E2
Bone.1,MND1,Bone,MCF7,E2
Bone.1,RBM7,Bone,MCF7,E2
Bone.1,RFT1,Bone,MCF7,E2
Bone.1,SLITRK4,Bone,MCF7,E2
Bone.1,DMAP1,Bone,MCF7,E2
Bone.1,NEK1,Bone,MCF7,E2
Bone.1,NXT2,Bone,MCF7,E2
Bone.1,ZNF813,Bone,MCF7,E2
Bone.1,RNF181,Bone,MCF7,E2
Bone.1,MRPL35,Bone,MCF7,E2
Bone.1,RFXANK,Bone,MCF7,E2
Bone.1,NUDT19,Bone,MCF7,E2
Bone.1,INTS4,Bone,MCF7,E2
Bone.1,BCKDHB,Bone,MCF7,E2
Bone.1,TSPYL4,Bone,MCF7,E2
Bone.1,MKS1,Bone,MCF7,E2
Bone.1,PABPC4L,Bone,MCF7,E2
Bone.1,TTI1,Bone,MCF7,E2
Bone.1,MRPS18B,Bone,MCF7,E2
Bone.1,PLD1,Bone,MCF7,E2
Bone.1,SOX2,Bone,MCF7,E2
Bone.1,ZNF765,Bone,MCF7,E2
Bone.1,ABCC5,Bone,MCF7,E2
Bone.1,MRC2,Bone,MCF7,E2
Bone.1,RNA5S1,Bone,MCF7,E2
Bone.1,RNA5S5,Bone,MCF7,E2
Bone.1,RNA5S6,Bone,MCF7,E2
Bone.1,RNA5S4,Bone,MCF7,E2
Bone.1,RNA5S2,Bone,MCF7,E2
Bone.1,RNA5S3,Bone,MCF7,E2
Bone.1,AKR1C2,Bone,MCF7,E2
Bone.1,RNA5S8,Bone,MCF7,E2
Bone.1,RNA5S7,Bone,MCF7,E2
Bone.1,PCDH10,Bone,MCF7,E2
Bone.2,PRRC2A,Bone,MCF7,E2
Bone.2,ATP9A,Bone,MCF7,E2
Bone.2,RNA5S12,Bone,MCF7,E2
Bone.2,RNA5S3,Bone,MCF7,E2
Bone.2,RNA5S11,Bone,MCF7,E2
Bone.2,RNA5S10,Bone,MCF7,E2
Bone.2,HMGN1,Bone,MCF7,E2
Bone.2,SCD,Bone,MCF7,E2
Bone.2,DSCAM-AS1,Bone,MCF7,E2
Bone.2,TET2,Bone,MCF7,E2
Bone.2,RPS21,Bone,MCF7,E2
Bone.2,EIF4G2,Bone,MCF7,E2
Bone.2,TOP1,Bone,MCF7,E2
Bone.2,PTBP3,Bone,MCF7,E2
Bone.2,PDAP1,Bone,MCF7,E2
Bone.2,MSI2,Bone,MCF7,E2
Bone.2,RNY3,Bone,MCF7,E2
Bone.2,TNRC18,Bone,MCF7,E2
Bone.2,CUX1,Bone,MCF7,E2
Bone.2,TMED10,Bone,MCF7,E2
Bone.2,PCM1,Bone,MCF7,E2
Bone.2,HSPA8,Bone,MCF7,E2
Bone.2,ANKHD1,Bone,MCF7,E2
Bone.2,PHIP,Bone,MCF7,E2
Bone.2,ANKHD1-EIF4EBP3,Bone,MCF7,E2
Bone.2,RPLP2,Bone,MCF7,E2
Bone.2,MYL12A,Bone,MCF7,E2
Bone.2,GTF2IP4,Bone,MCF7,E2
Bone.2,PAK2,Bone,MCF7,E2
Bone.2,ADAR,Bone,MCF7,E2
Bone.2,GTF2IP1,Bone,MCF7,E2
Bone.2,DNMT1,Bone,MCF7,E2
Bone.2,SCARNA22,Bone,MCF7,E2
Bone.2,DHX9,Bone,MCF7,E2
Bone.2,H2AC20,Bone,MCF7,E2
Bone.2,HNRNPA1,Bone,MCF7,E2
Bone.2,UBR4,Bone,MCF7,E2
Bone.2,ARL6IP1,Bone,MCF7,E2
Bone.2,NUP210,Bone,MCF7,E2
Bone.2,TPI1,Bone,MCF7,E2
Bone.2,PRSS23,Bone,MCF7,E2
Bone.2,IQGAP1,Bone,MCF7,E2
Bone.2,HMGB3,Bone,MCF7,E2
Bone.2,NUFIP2,Bone,MCF7,E2
Bone.2,EEF1A2,Bone,MCF7,E2
Bone.2,RPS10-NUDT3,Bone,MCF7,E2
Bone.2,KRT18,Bone,MCF7,E2
Bone.2,HNRNPH1,Bone,MCF7,E2
Bone.2,HNRNPD,Bone,MCF7,E2
Bone.2,EIF5B,Bone,MCF7,E2
Bone.2,CCND1,Bone,MCF7,E2
Bone.2,AKAP13,Bone,MCF7,E2
Bone.2,PHF3,Bone,MCF7,E2
Bone.2,PTBP1,Bone,MCF7,E2
Bone.2,MORF4L2,Bone,MCF7,E2
Bone.2,DSG2,Bone,MCF7,E2
Bone.2,USP7,Bone,MCF7,E2
Bone.2,ACTR2,Bone,MCF7,E2
Bone.2,SKA2,Bone,MCF7,E2
Bone.2,PRLR,Bone,MCF7,E2
Bone.2,SIKE1,Bone,MCF7,E2
Bone.2,CHD8,Bone,MCF7,E2
Bone.2,GPR171,Bone,MCF7,E2
Bone.2,ARFGEF3,Bone,MCF7,E2
Bone.2,SF3B3,Bone,MCF7,E2
Bone.2,YWHAQ,Bone,MCF7,E2
Bone.2,SIAE,Bone,MCF7,E2
Bone.2,MAVS,Bone,MCF7,E2
Bone.2,PTTG1IP,Bone,MCF7,E2
Bone.2,ARID1A,Bone,MCF7,E2
Bone.2,SKIL,Bone,MCF7,E2
Bone.2,KIAA1109,Bone,MCF7,E2
Bone.2,PCF11,Bone,MCF7,E2
Bone.2,CAND1,Bone,MCF7,E2
Bone.2,UBB,Bone,MCF7,E2
Bone.2,YWHAE,Bone,MCF7,E2
Bone.2,ARHGEF12,Bone,MCF7,E2
Bone.2,MT-ND3,Bone,MCF7,E2
Bone.2,RPS7,Bone,MCF7,E2
Bone.2,RUNX1,Bone,MCF7,E2
Bone.2,RPS5,Bone,MCF7,E2
Bone.2,MTHFD1,Bone,MCF7,E2
Bone.2,RPRD2,Bone,MCF7,E2
Bone.2,EP300,Bone,MCF7,E2
Bone.2,NBPF26,Bone,MCF7,E2
Bone.2,SMC4,Bone,MCF7,E2
Bone.2,DIDO1,Bone,MCF7,E2
Bone.2,ADCY1,Bone,MCF7,E2
Bone.2,ASH1L,Bone,MCF7,E2
Bone.2,NONO,Bone,MCF7,E2
Bone.2,HSPA9,Bone,MCF7,E2
Bone.2,RPL15,Bone,MCF7,E2
Bone.2,HSPD1,Bone,MCF7,E2
Bone.2,RBM8A,Bone,MCF7,E2
Bone.2,SEMA3C,Bone,MCF7,E2
Bone.2,PGR,Bone,MCF7,E2
Bone.2,RPL41,Bone,MCF7,E2
Bone.2,ZNF217,Bone,MCF7,E2
Bone.2,RPSA,Bone,MCF7,E2
Bone.2,YLPM1,Bone,MCF7,E2
Bone.2,STAT1,Bone,MCF7,E2
Bone.2,THBS1,Bone,MCF7,E2
Bone.2,SF3B2,Bone,MCF7,E2
Bone.2,PRKAR1A,Bone,MCF7,E2
Bone.2,NIPBL,Bone,MCF7,E2
Bone.2,TUBA1B,Bone,MCF7,E2
Bone.2,COX6C,Bone,MCF7,E2
Bone.2,BRWD1,Bone,MCF7,E2
Bone.2,BPTF,Bone,MCF7,E2
Bone.2,RPS20,Bone,MCF7,E2
Bone.2,RACK1,Bone,MCF7,E2
Bone.2,RPL13A,Bone,MCF7,E2
Bone.2,CANX,Bone,MCF7,E2
Bone.2,RPL13,Bone,MCF7,E2
Bone.2,ACTG1,Bone,MCF7,E2
Bone.3,PLXND1,Bone,MCF7,E2
Bone.3,TRIM14,Bone,MCF7,E2
Bone.3,VEGFA,Bone,MCF7,E2
Bone.3,TRIM66,Bone,MCF7,E2
Bone.3,SLC3A2,Bone,MCF7,E2
Bone.3,PTAR1,Bone,MCF7,E2
Bone.3,PLXDC2,Bone,MCF7,E2
Bone.3,NAP1L4,Bone,MCF7,E2
Bone.3,HELZ2,Bone,MCF7,E2
Bone.3,CLU,Bone,MCF7,E2
Bone.3,LSM4,Bone,MCF7,E2
Bone.3,MPDZ,Bone,MCF7,E2
Bone.3,TMEM64,Bone,MCF7,E2
Bone.3,FREM2,Bone,MCF7,E2
Bone.3,PLEKHG3,Bone,MCF7,E2
Bone.3,TMEM164,Bone,MCF7,E2
Bone.3,PURA,Bone,MCF7,E2
Bone.3,CBX2,Bone,MCF7,E2
Bone.3,QRICH1,Bone,MCF7,E2
Bone.3,NOC2L,Bone,MCF7,E2
Bone.3,FRAS1,Bone,MCF7,E2
Bone.3,PGM2L1,Bone,MCF7,E2
Bone.3,HMCES,Bone,MCF7,E2
Bone.3,HERC6,Bone,MCF7,E2
Bone.3,BRAT1,Bone,MCF7,E2
Bone.3,EXOC1,Bone,MCF7,E2
Bone.3,ZDHHC21,Bone,MCF7,E2
Bone.3,PGAM5,Bone,MCF7,E2
Bone.3,PRCC,Bone,MCF7,E2
Bone.3,GIT1,Bone,MCF7,E2
Bone.3,TMEM109,Bone,MCF7,E2
Bone.3,TMED5,Bone,MCF7,E2
Bone.3,SLX4IP,Bone,MCF7,E2
Bone.3,ARPC5,Bone,MCF7,E2
Bone.3,CEBPG,Bone,MCF7,E2
Bone.3,DHX33,Bone,MCF7,E2
Bone.3,IFITM3,Bone,MCF7,E2
Bone.3,MYO15B,Bone,MCF7,E2
Bone.3,NCS1,Bone,MCF7,E2
Bone.3,LMTK2,Bone,MCF7,E2
Bone.3,TBC1D16,Bone,MCF7,E2
Bone.3,MCMBP,Bone,MCF7,E2
Bone.3,FOXK2,Bone,MCF7,E2
Bone.3,TFDP2,Bone,MCF7,E2
Bone.3,NSMCE4A,Bone,MCF7,E2
Bone.3,EIF3G,Bone,MCF7,E2
Bone.3,H19,Bone,MCF7,E2
Bone.3,WDR74,Bone,MCF7,E2
Bone.3,RNF32,Bone,MCF7,E2
Bone.3,BIRC5,Bone,MCF7,E2
Bone.3,ENOPH1,Bone,MCF7,E2
Bone.3,GAS5,Bone,MCF7,E2
Bone.3,GOLGA8A,Bone,MCF7,E2
Bone.3,SYNJ2,Bone,MCF7,E2
Bone.3,TBC1D10B,Bone,MCF7,E2
Bone.3,R3HCC1L,Bone,MCF7,E2
Bone.3,MRPL50,Bone,MCF7,E2
Bone.3,TEAD3,Bone,MCF7,E2
Bone.3,RNF13,Bone,MCF7,E2
Bone.3,MRPL22,Bone,MCF7,E2
Bone.3,STAT5B,Bone,MCF7,E2
Bone.3,CEP83,Bone,MCF7,E2
Bone.3,METTL17,Bone,MCF7,E2
Bone.3,TTN,Bone,MCF7,E2
Bone.3,KLC2,Bone,MCF7,E2
Bone.3,EPS15L1,Bone,MCF7,E2
Bone.3,STK35,Bone,MCF7,E2
Bone.3,WRN,Bone,MCF7,E2
Bone.3,CNN2,Bone,MCF7,E2
Bone.3,D2HGDH,Bone,MCF7,E2
Bone.3,HECA,Bone,MCF7,E2
Bone.3,ADAMTS19,Bone,MCF7,E2
Bone.3,DCAF4,Bone,MCF7,E2
Bone.3,RFT1,Bone,MCF7,E2
Bone.3,SLC25A13,Bone,MCF7,E2
Bone.3,SNHG16,Bone,MCF7,E2
Bone.3,MRPL11,Bone,MCF7,E2
Bone.3,YIPF4,Bone,MCF7,E2
Bone.3,AMMECR1L,Bone,MCF7,E2
Bone.3,CDR1,Bone,MCF7,E2
Bone.3,RIN2,Bone,MCF7,E2
Bone.3,ABCC1,Bone,MCF7,E2
Bone.3,WWOX,Bone,MCF7,E2
Bone.3,KRT17,Bone,MCF7,E2
Bone.3,TUSC3,Bone,MCF7,E2
Bone.3,ZNF641,Bone,MCF7,E2
Bone.3,NCAPH,Bone,MCF7,E2
Bone.3,GNG12,Bone,MCF7,E2
Bone.3,TSFM,Bone,MCF7,E2
Bone.3,USP33,Bone,MCF7,E2
Bone.3,ATE1,Bone,MCF7,E2
Bone.3,ATP2B4,Bone,MCF7,E2
Bone.3,UHRF1,Bone,MCF7,E2
Bone.3,JAG1,Bone,MCF7,E2
Bone.3,SUN2,Bone,MCF7,E2
Bone.3,ALG5,Bone,MCF7,E2
Bone.3,COL12A1,Bone,MCF7,E2
Bone.3,AP3S1,Bone,MCF7,E2
Bone.3,OSR2,Bone,MCF7,E2
Bone.3,DNAJB12,Bone,MCF7,E2
Bone.3,MEX3C,Bone,MCF7,E2
Bone.3,MZT1,Bone,MCF7,E2
Bone.3,CRNDE,Bone,MCF7,E2
Bone.3,H2AC4,Bone,MCF7,E2
Bone.3,LAMC1,Bone,MCF7,E2
Bone.3,SBNO1,Bone,MCF7,E2
Bone.3,UBA52,Bone,MCF7,E2
Bone.3,STAT6,Bone,MCF7,E2
Bone.3,UGCG,Bone,MCF7,E2
Bone.3,PCIF1,Bone,MCF7,E2
Bone.3,STK36,Bone,MCF7,E2
Bone.3,FARSB,Bone,MCF7,E2
Bone.3,HEXIM1,Bone,MCF7,E2
Bone.3,IFIH1,Bone,MCF7,E2
Bone.3,MZF1,Bone,MCF7,E2
Bone.3,POLE2,Bone,MCF7,E2
Bone.3,SH3GLB1,Bone,MCF7,E2
Bone.3,H2BC10,Bone,MCF7,E2
Bone.3,HAGH,Bone,MCF7,E2
Bone.3,MCU,Bone,MCF7,E2
Bone.3,PSMD9,Bone,MCF7,E2
Bone.3,TOM1L1,Bone,MCF7,E2
Bone.3,CTC1,Bone,MCF7,E2
Bone.3,MRPL52,Bone,MCF7,E2
Bone.3,LDLRAD4,Bone,MCF7,E2
Bone.3,ZFP62,Bone,MCF7,E2
Bone.3,C6orf141,Bone,MCF7,E2
Bone.3,SLC25A39,Bone,MCF7,E2
Bone.3,PPFIA3,Bone,MCF7,E2
Bone.3,SFXN3,Bone,MCF7,E2
Bone.3,STAP2,Bone,MCF7,E2
Bone.3,SYNPO2,Bone,MCF7,E2
Bone.3,HMCN1,Bone,MCF7,E2
Bone.3,TOP1MT,Bone,MCF7,E2
Bone.3,ATP6V1B2,Bone,MCF7,E2
Bone.3,C14orf132,Bone,MCF7,E2
Bone.3,RPF1,Bone,MCF7,E2
Bone.3,SMG9,Bone,MCF7,E2
Bone.3,AGRN,Bone,MCF7,E2
Bone.3,CARS1,Bone,MCF7,E2
Bone.3,NUDT15,Bone,MCF7,E2
Bone.3,CHST15,Bone,MCF7,E2
Bone.3,COQ5,Bone,MCF7,E2
Bone.3,SOS1,Bone,MCF7,E2
Bone.3,CYC1,Bone,MCF7,E2
Bone.3,ZGPAT,Bone,MCF7,E2
Bone.3,ATG101,Bone,MCF7,E2
Bone.3,COL5A3,Bone,MCF7,E2
Bone.3,MIOS,Bone,MCF7,E2
Bone.3,NUDCD2,Bone,MCF7,E2
Bone.3,PRR15L,Bone,MCF7,E2
Bone.3,PDHA1,Bone,MCF7,E2
Bone.3,DNAJC16,Bone,MCF7,E2
Bone.3,EML1,Bone,MCF7,E2
Bone.3,PIM1,Bone,MCF7,E2
Bone.3,PHF5A,Bone,MCF7,E2
Bone.3,ZNF189,Bone,MCF7,E2
Bone.3,ELAVL1,Bone,MCF7,E2
Bone.3,STAT1,Bone,MCF7,E2
Bone.3,N4BP3,Bone,MCF7,E2
Bone.3,MAST2,Bone,MCF7,E2
Bone.3,POLR2D,Bone,MCF7,E2
Bone.3,EHD1,Bone,MCF7,E2
Bone.3,RNA5S9,Bone,MCF7,E2
Bone.3,TMEM97,Bone,MCF7,E2
Bone.3,RNH1,Bone,MCF7,E2
Bone.3,TPD52L1,Bone,MCF7,E2
Bone.3,CTSH,Bone,MCF7,E2
Bone.3,GRAMD1A,Bone,MCF7,E2
Bone.3,SH3BGRL,Bone,MCF7,E2
Bone.3,NOTCH1,Bone,MCF7,E2
Bone.3,MEMO1,Bone,MCF7,E2
Bone.3,MBNL2,Bone,MCF7,E2
Bone.3,WBP2,Bone,MCF7,E2
Bone.3,ATP11C,Bone,MCF7,E2
Bone.3,GOLIM4,Bone,MCF7,E2
Bone.3,COL4A5,Bone,MCF7,E2
Bone.3,PROSER1,Bone,MCF7,E2
Bone.3,DDX56,Bone,MCF7,E2
Bone.3,ZNF398,Bone,MCF7,E2
Bone.3,H2AC11,Bone,MCF7,E2
Bone.3,TARS2,Bone,MCF7,E2
Bone.3,CEP78,Bone,MCF7,E2
Bone.3,MCM9,Bone,MCF7,E2
Bone.3,ZWILCH,Bone,MCF7,E2
Bone.3,CENPK,Bone,MCF7,E2
Bone.3,SCARNA18,Bone,MCF7,E2
Bone.3,BRAP,Bone,MCF7,E2
Bone.3,HNRNPLL,Bone,MCF7,E2
Bone.3,SIPA1L2,Bone,MCF7,E2
Bone.3,TENT4B,Bone,MCF7,E2
Bone.3,VHL,Bone,MCF7,E2
Bone.3,CPSF2,Bone,MCF7,E2
Bone.3,PPP1R13L,Bone,MCF7,E2
Bone.3,MTUS1,Bone,MCF7,E2
Bone.3,CITED2,Bone,MCF7,E2
Bone.3,EHBP1,Bone,MCF7,E2
Bone.3,PTPRK,Bone,MCF7,E2
Bone.3,EIF3J,Bone,MCF7,E2
Bone.3,KANSL1L,Bone,MCF7,E2
Bone.3,IER2,Bone,MCF7,E2
Bone.3,IDH3A,Bone,MCF7,E2
Bone.3,GAB1,Bone,MCF7,E2
Bone.3,UIMC1,Bone,MCF7,E2
Bone.3,RASA1,Bone,MCF7,E2
Bone.3,CELSR1,Bone,MCF7,E2
Bone.3,SOX12,Bone,MCF7,E2
Bone.3,COL5A1,Bone,MCF7,E2
Bone.3,CLUH,Bone,MCF7,E2
Bone.3,PAFAH1B2,Bone,MCF7,E2
Bone.3,ATF1,Bone,MCF7,E2
Bone.3,C19orf53,Bone,MCF7,E2
Bone.3,FAM162A,Bone,MCF7,E2
Bone.3,TMEM214,Bone,MCF7,E2
Bone.3,WDR4,Bone,MCF7,E2
Bone.3,WWC1,Bone,MCF7,E2
Bone.3,MSMB,Bone,MCF7,E2
Bone.3,MAP1LC3B,Bone,MCF7,E2
Bone.3,RAB31,Bone,MCF7,E2
Bone.3,UCHL5,Bone,MCF7,E2
Bone.3,ICMT,Bone,MCF7,E2
Bone.3,PHLDB1,Bone,MCF7,E2
Bone.3,SPOP,Bone,MCF7,E2
Bone.3,METTL2A,Bone,MCF7,E2
Bone.3,PSMC4,Bone,MCF7,E2
Bone.3,LNCAROD,Bone,MCF7,E2
Bone.3,GPR160,Bone,MCF7,E2
Bone.3,LZTS2,Bone,MCF7,E2
Bone.3,PTGES2,Bone,MCF7,E2
Bone.3,FERMT2,Bone,MCF7,E2
Bone.3,GRK6,Bone,MCF7,E2
Bone.3,RAPGEFL1,Bone,MCF7,E2
Bone.3,IST1,Bone,MCF7,E2
Bone.3,RAB25,Bone,MCF7,E2
Bone.3,TRIM25,Bone,MCF7,E2
Bone.3,DCLRE1C,Bone,MCF7,E2
Bone.3,DDB2,Bone,MCF7,E2
Bone.3,VWA8,Bone,MCF7,E2
Bone.3,PLCD3,Bone,MCF7,E2
Bone.3,PPA1,Bone,MCF7,E2
Bone.3,NDUFAB1,Bone,MCF7,E2
Bone.3,SNRPD2,Bone,MCF7,E2
Bone.3,NEDD1,Bone,MCF7,E2
Bone.3,PRXL2A,Bone,MCF7,E2
Bone.3,MKRN2,Bone,MCF7,E2
Bone.3,HSPB1,Bone,MCF7,E2
Bone.3,GYS1,Bone,MCF7,E2
Bone.3,SPC24,Bone,MCF7,E2
Bone.3,USP53,Bone,MCF7,E2
Bone.3,POR,Bone,MCF7,E2
Bone.3,RTRAF,Bone,MCF7,E2
Bone.3,GATD1,Bone,MCF7,E2
Bone.3,ANKRD26,Bone,MCF7,E2
Bone.3,ENO2,Bone,MCF7,E2
Bone.3,PIGS,Bone,MCF7,E2
Bone.3,SLC19A2,Bone,MCF7,E2
Bone.3,RALGDS,Bone,MCF7,E2
Bone.3,TRIM24,Bone,MCF7,E2
Bone.3,MTOR,Bone,MCF7,E2
Bone.3,GFOD2,Bone,MCF7,E2
Bone.3,TRAF3,Bone,MCF7,E2
Bone.3,ITFG1,Bone,MCF7,E2
Bone.3,ZNF678,Bone,MCF7,E2
Bone.3,CLASP2,Bone,MCF7,E2
Bone.3,ZNF618,Bone,MCF7,E2
Bone.3,ELOVL7,Bone,MCF7,E2
Bone.3,NCAPG,Bone,MCF7,E2
Bone.3,KIAA0586,Bone,MCF7,E2
Bone.3,PWP1,Bone,MCF7,E2
Bone.3,SZRD1,Bone,MCF7,E2
Bone.3,LMBR1,Bone,MCF7,E2
Bone.3,SP100,Bone,MCF7,E2
Bone.3,ZNF263,Bone,MCF7,E2
Bone.3,SUPT20H,Bone,MCF7,E2
Bone.3,STXBP3,Bone,MCF7,E2
Bone.3,LRCH1,Bone,MCF7,E2
Bone.3,RND3,Bone,MCF7,E2
Bone.3,STRADA,Bone,MCF7,E2
Bone.3,RAD51C,Bone,MCF7,E2
Bone.3,KPNA3,Bone,MCF7,E2
Bone.3,ELP1,Bone,MCF7,E2
Bone.3,ZHX1,Bone,MCF7,E2
Bone.3,MBD4,Bone,MCF7,E2
Bone.3,AP1M2,Bone,MCF7,E2
Bone.3,DNAJC2,Bone,MCF7,E2
Bone.3,EEF1A2,Bone,MCF7,E2
Bone.3,CNOT6L,Bone,MCF7,E2
Bone.3,LRPAP1,Bone,MCF7,E2
Bone.3,CEMIP2,Bone,MCF7,E2
Bone.3,OBSL1,Bone,MCF7,E2
Bone.3,TMX4,Bone,MCF7,E2
Bone.3,SMAD3,Bone,MCF7,E2
Bone.3,NPLOC4,Bone,MCF7,E2
Bone.3,ANP32A,Bone,MCF7,E2
Bone.3,AREG,Bone,MCF7,E2
Bone.3,QSER1,Bone,MCF7,E2
Bone.3,HIP1,Bone,MCF7,E2
Bone.3,SLC7A2,Bone,MCF7,E2
Bone.3,SYT10,Bone,MCF7,E2
Bone.4,RNA5S11,Bone,MCF7,E2
Bone.4,RNA5S10,Bone,MCF7,E2
Bone.4,DHX40,Bone,MCF7,E2
Bone.4,ELK4,Bone,MCF7,E2
Bone.4,RNA5S12,Bone,MCF7,E2
Bone.4,RNA5S3,Bone,MCF7,E2
Bone.4,NBPF20,Bone,MCF7,E2
Bone.4,RNA5S13,Bone,MCF7,E2
Bone.4,RNA5S14,Bone,MCF7,E2
Bone.4,RNA5S15,Bone,MCF7,E2
Bone.4,FAM217B,Bone,MCF7,E2
Bone.4,LGALS8,Bone,MCF7,E2
Bone.4,SERP1,Bone,MCF7,E2
Bone.4,PRRC2A,Bone,MCF7,E2
Bone.4,ATXN2L,Bone,MCF7,E2
Bone.4,RNA5S17,Bone,MCF7,E2
Bone.4,ITPR3,Bone,MCF7,E2
Bone.4,JUP,Bone,MCF7,E2
Bone.4,PTPRS,Bone,MCF7,E2
Bone.4,RNA5S16,Bone,MCF7,E2
Bone.4,CREBZF,Bone,MCF7,E2
Bone.4,CYB561,Bone,MCF7,E2
Bone.4,GATC,Bone,MCF7,E2
Bone.4,DNMT1,Bone,MCF7,E2
Bone.4,DHFR,Bone,MCF7,E2
Bone.4,C9orf78,Bone,MCF7,E2
Bone.4,ZBTB41,Bone,MCF7,E2
Bone.4,SQSTM1,Bone,MCF7,E2
Bone.4,NIBAN2,Bone,MCF7,E2
Bone.4,FAM120AOS,Bone,MCF7,E2
Bone.4,ITGB4,Bone,MCF7,E2
Bone.4,MAP4K4,Bone,MCF7,E2
Bone.4,CPT1A,Bone,MCF7,E2
Bone.4,MECP2,Bone,MCF7,E2
Bone.4,AKAP1,Bone,MCF7,E2
Bone.4,JUN,Bone,MCF7,E2
Bone.4,GTPBP4,Bone,MCF7,E2
Bone.4,H1-3,Bone,MCF7,E2
Bone.4,HMCN1,Bone,MCF7,E2
Bone.4,MLXIP,Bone,MCF7,E2
Bone.4,LMBR1,Bone,MCF7,E2
Bone.4,CLIC1,Bone,MCF7,E2
Bone.4,DCTN5,Bone,MCF7,E2
Bone.4,FBXW2,Bone,MCF7,E2
Bone.4,SNHG16,Bone,MCF7,E2
Bone.4,CSPP1,Bone,MCF7,E2
Bone.4,ROBO1,Bone,MCF7,E2
Bone.4,TAOK2,Bone,MCF7,E2
Bone.4,WASF2,Bone,MCF7,E2
Bone.4,WASHC4,Bone,MCF7,E2
Bone.4,MAP7,Bone,MCF7,E2
Bone.4,PMM2,Bone,MCF7,E2
Bone.4,GPBP1,Bone,MCF7,E2
Bone.4,TUT7,Bone,MCF7,E2
Bone.4,YES1,Bone,MCF7,E2
Bone.4,STC2,Bone,MCF7,E2
Bone.4,ZMIZ2,Bone,MCF7,E2
Bone.4,PEBP1,Bone,MCF7,E2
Bone.4,FAM168B,Bone,MCF7,E2
Bone.4,SOCS4,Bone,MCF7,E2
Bone.4,WSB1,Bone,MCF7,E2
Bone.4,TRAPPC9,Bone,MCF7,E2
Bone.4,UBR2,Bone,MCF7,E2
Bone.4,GAS8,Bone,MCF7,E2
Bone.4,AHSA1,Bone,MCF7,E2
Bone.4,ZNF318,Bone,MCF7,E2
Bone.4,AR,Bone,MCF7,E2
Bone.4,TACC1,Bone,MCF7,E2
Bone.4,ZNF254,Bone,MCF7,E2
Bone.4,HPS3,Bone,MCF7,E2
Bone.4,IFI27,Bone,MCF7,E2
Bone.4,CMPK1,Bone,MCF7,E2
Bone.4,BAG5,Bone,MCF7,E2
Bone.4,EIF1,Bone,MCF7,E2
Bone.4,TRIP11,Bone,MCF7,E2
Bone.4,DNAJC22,Bone,MCF7,E2
Bone.4,MCM2,Bone,MCF7,E2
Bone.4,DDX58,Bone,MCF7,E2
Bone.4,DYNLL2,Bone,MCF7,E2
Bone.4,CIC,Bone,MCF7,E2
Bone.4,SCD,Bone,MCF7,E2
Bone.4,NFKBIZ,Bone,MCF7,E2
Bone.4,RPL37,Bone,MCF7,E2
Bone.4,SLC44A2,Bone,MCF7,E2
Bone.4,RBM15,Bone,MCF7,E2
Bone.4,NPY1R,Bone,MCF7,E2
Bone.4,KCTD20,Bone,MCF7,E2
Bone.4,ATP5MG,Bone,MCF7,E2
Bone.4,MYO1C,Bone,MCF7,E2
Bone.4,GTF3C1,Bone,MCF7,E2
Bone.4,CADPS2,Bone,MCF7,E2
Bone.4,RAE1,Bone,MCF7,E2
Bone.4,HNRNPH3,Bone,MCF7,E2
Bone.4,FBRS,Bone,MCF7,E2
Bone.4,ARPC2,Bone,MCF7,E2
Bone.4,PTPA,Bone,MCF7,E2
Bone.4,TCOF1,Bone,MCF7,E2
Bone.4,PDE4DIP,Bone,MCF7,E2
Bone.4,TRIM14,Bone,MCF7,E2
Bone.4,DDAH1,Bone,MCF7,E2
Bone.4,PALLD,Bone,MCF7,E2
Bone.4,LOC100128494,Bone,MCF7,E2
Bone.4,MYBL2,Bone,MCF7,E2
Bone.4,LNPEP,Bone,MCF7,E2
Bone.4,VCPIP1,Bone,MCF7,E2
Bone.4,FRS2,Bone,MCF7,E2
Bone.4,MINK1,Bone,MCF7,E2
Bone.4,SRSF3,Bone,MCF7,E2
Bone.4,CD276,Bone,MCF7,E2
Bone.4,GOLGA5,Bone,MCF7,E2
Bone.4,MTA2,Bone,MCF7,E2
Bone.4,ITPRID2,Bone,MCF7,E2
Bone.4,NHLRC2,Bone,MCF7,E2
Bone.4,WDR5,Bone,MCF7,E2
Bone.4,PGK1,Bone,MCF7,E2
Bone.4,CNOT2,Bone,MCF7,E2
Bone.4,EAF1,Bone,MCF7,E2
Bone.4,MTSS2,Bone,MCF7,E2
Bone.4,TMCC1,Bone,MCF7,E2
Bone.4,RPS19,Bone,MCF7,E2
Bone.4,KDM3A,Bone,MCF7,E2
Bone.4,UFL1,Bone,MCF7,E2
Bone.4,CAST,Bone,MCF7,E2
Bone.4,MDK,Bone,MCF7,E2
Bone.4,CIT,Bone,MCF7,E2
Bone.4,PPFIA1,Bone,MCF7,E2
Bone.4,UBE2Z,Bone,MCF7,E2
Bone.4,IRAK1,Bone,MCF7,E2
Bone.4,TAF1,Bone,MCF7,E2
Bone.4,NUDT4,Bone,MCF7,E2
Bone.4,TRIM25,Bone,MCF7,E2
Bone.4,MIR6516,Bone,MCF7,E2
Bone.4,ARF1,Bone,MCF7,E2
Bone.4,IARS1,Bone,MCF7,E2
Bone.4,AP2B1,Bone,MCF7,E2
Bone.4,DVL3,Bone,MCF7,E2
Bone.4,SEMA3D,Bone,MCF7,E2
Bone.4,CBX1,Bone,MCF7,E2
Bone.4,EGR1,Bone,MCF7,E2
Bone.4,FLNA,Bone,MCF7,E2
Bone.4,RFWD3,Bone,MCF7,E2
Bone.4,PCBP1,Bone,MCF7,E2
Bone.4,UBE3A,Bone,MCF7,E2
Bone.4,SMS,Bone,MCF7,E2
Bone.4,GCC2,Bone,MCF7,E2
Bone.4,MORF4L2,Bone,MCF7,E2
Bone.4,EP300,Bone,MCF7,E2
Bone.4,ZNF148,Bone,MCF7,E2
Bone.4,RPL18A,Bone,MCF7,E2
Bone.4,CALCOCO2,Bone,MCF7,E2
Bone.4,EIF4G2,Bone,MCF7,E2
Bone.4,UGDH,Bone,MCF7,E2
Bone.4,RAB14,Bone,MCF7,E2
Bone.4,MIR3648-2,Bone,MCF7,E2
Bone.4,ARHGDIA,Bone,MCF7,E2
Bone.4,OAS2,Bone,MCF7,E2
Bone.4,YY1,Bone,MCF7,E2
Bone.4,CS,Bone,MCF7,E2
Bone.4,RPL31,Bone,MCF7,E2
Bone.4,CLNS1A,Bone,MCF7,E2
Bone.4,SNX5,Bone,MCF7,E2
Bone.4,RNF40,Bone,MCF7,E2
Bone.4,SURF4,Bone,MCF7,E2
Bone.4,UBE2H,Bone,MCF7,E2
Bone.4,NUMA1,Bone,MCF7,E2
Bone.4,MIA3,Bone,MCF7,E2
Bone.4,DTX3L,Bone,MCF7,E2
Bone.4,SLC6A14,Bone,MCF7,E2
Bone.4,COL4A5,Bone,MCF7,E2
Bone.4,ATF7IP,Bone,MCF7,E2
Bone.4,RPL17,Bone,MCF7,E2
Bone.4,ALCAM,Bone,MCF7,E2
Bone.4,DNAJA1,Bone,MCF7,E2
Bone.4,H2BC21,Bone,MCF7,E2
Bone.4,PSMA4,Bone,MCF7,E2
Bone.4,MIR3648-1,Bone,MCF7,E2
Bone.4,VAV3,Bone,MCF7,E2
Bone.4,HMGB3,Bone,MCF7,E2
Bone.4,TTC3,Bone,MCF7,E2
Bone.5,MT-ATP8,Bone,MCF7,ED
Bone.5,RPL13A,Bone,MCF7,ED
Bone.5,MT-ATP6,Bone,MCF7,ED
Bone.5,MT-ND1,Bone,MCF7,ED
Bone.5,PTMA,Bone,MCF7,ED
Bone.5,MT-ND4,Bone,MCF7,ED
Bone.5,SNORA81,Bone,MCF7,ED
Bone.5,MIR1248,Bone,MCF7,ED
Bone.5,RPL7A,Bone,MCF7,ED
Bone.5,SLC39A6,Bone,MCF7,ED
Bone.5,CSDE1,Bone,MCF7,ED
Bone.5,MT-CYB,Bone,MCF7,ED
Bone.5,MT-CO2,Bone,MCF7,ED
Bone.5,MT-ND5,Bone,MCF7,ED
Bone.5,MALAT1,Bone,MCF7,ED
Bone.5,MT-ND2,Bone,MCF7,ED
Bone.5,SYTL2,Bone,MCF7,ED
Bone.5,FLNA,Bone,MCF7,ED
Bone.5,MT-CO1,Bone,MCF7,ED
Bone.5,ALDOA,Bone,MCF7,ED
Bone.5,ZNF217,Bone,MCF7,ED
Bone.5,SRRM2,Bone,MCF7,ED
Bone.5,NUCKS1,Bone,MCF7,ED
Bone.5,FTH1,Bone,MCF7,ED
Bone.5,RMRP,Bone,MCF7,ED
Bone.5,SNORD3D,Bone,MCF7,ED
Bone.5,SLC38A1,Bone,MCF7,ED
Bone.5,HSP90AB1,Bone,MCF7,ED
Bone.5,RPL15,Bone,MCF7,ED
Bone.5,MT-CO3,Bone,MCF7,ED
Bone.5,UBC,Bone,MCF7,ED
Bone.5,AKAP9,Bone,MCF7,ED
Bone.5,GNAS,Bone,MCF7,ED
Bone.5,GATA3,Bone,MCF7,ED
Bone.5,APPBP2,Bone,MCF7,ED
Bone.5,NCOA3,Bone,MCF7,ED
Bone.5,KRT18,Bone,MCF7,ED
Bone.5,H3-3B,Bone,MCF7,ED
Bone.5,RPL4,Bone,MCF7,ED
Bone.5,DDX5,Bone,MCF7,ED
Bone.5,HMCN1,Bone,MCF7,ED
Bone.5,VMP1,Bone,MCF7,ED
Bone.5,HIPK1,Bone,MCF7,ED
Bone.5,RPL13,Bone,MCF7,ED
Bone.5,AHNAK,Bone,MCF7,ED
Bone.5,TPR,Bone,MCF7,ED
Bone.5,RPL23A,Bone,MCF7,ED
Bone.5,GFRA1,Bone,MCF7,ED
Bone.5,EEF2,Bone,MCF7,ED
Bone.5,PABPC1,Bone,MCF7,ED
Bone.5,ACTB,Bone,MCF7,ED
Bone.5,GAPDH,Bone,MCF7,ED
Bone.6,MUC12,Bone,ZR751,ED
Bone.6,HMCN1,Bone,ZR751,ED
Bone.6,TRIM67,Bone,ZR751,ED
Bone.6,MUC16,Bone,ZR751,ED
Bone.6,DNAH3,Bone,ZR751,ED
Bone.6,HYDIN,Bone,ZR751,ED
Bone.6,GOLGA6L6,Bone,ZR751,ED
Bone.6,TSIX,Bone,ZR751,ED
Bone.6,SRRM4,Bone,ZR751,ED
Bone.6,APOD,Bone,ZR751,ED
Bone.6,F5,Bone,ZR751,ED
Bone.6,ANO2,Bone,ZR751,ED
Bone.6,FAT2,Bone,ZR751,ED
Bone.6,DNAH2,Bone,ZR751,ED
Bone.6,LAMC2,Bone,ZR751,ED
Bone.6,ARNTL2,Bone,ZR751,ED
Bone.6,HRNR,Bone,ZR751,ED
Bone.6,ELMO1,Bone,ZR751,ED
Bone.6,A2ML1,Bone,ZR751,ED
Bone.6,PIP,Bone,ZR751,ED
Bone.6,RYR2,Bone,ZR751,ED
Bone.6,TLE4,Bone,ZR751,ED
Bone.6,ADA2,Bone,ZR751,ED
Bone.6,DNAH8,Bone,ZR751,ED
Bone.6,SYNE1,Bone,ZR751,ED
Bone.6,MIR205HG,Bone,ZR751,ED
Bone.6,BCAT1,Bone,ZR751,ED
Bone.6,STAB2,Bone,ZR751,ED
Bone.6,LINC01132,Bone,ZR751,ED
Bone.6,NRXN3,Bone,ZR751,ED
Bone.6,TNNI1,Bone,ZR751,ED
Bone.6,MEG3,Bone,ZR751,ED
Bone.6,PTPRB,Bone,ZR751,ED
Bone.6,PHEX,Bone,ZR751,ED
Bone.6,SLC2A3,Bone,ZR751,ED
Bone.6,GRIN2B,Bone,ZR751,ED
Bone.6,CD36,Bone,ZR751,ED
Bone.6,NEFH,Bone,ZR751,ED
Bone.6,AKAP3,Bone,ZR751,ED
Bone.6,PAPPA2,Bone,ZR751,ED
Bone.6,CASC1,Bone,ZR751,ED
Bone.6,PROX1,Bone,ZR751,ED
Bone.6,FRMPD1,Bone,ZR751,ED
Bone.6,SDK2,Bone,ZR751,ED
Bone.6,DCLK1,Bone,ZR751,ED
Bone.6,LOC645202,Bone,ZR751,ED
Bone.6,SYNPO2,Bone,ZR751,ED
Bone.6,FLG,Bone,ZR751,ED
Bone.6,STOX2,Bone,ZR751,ED
Bone.6,SH3TC2,Bone,ZR751,ED
Bone.6,C17orf77,Bone,ZR751,ED
Bone.6,C22orf24,Bone,ZR751,ED
Bone.6,SOX9-AS1,Bone,ZR751,ED
Bone.6,ABLIM3,Bone,ZR751,ED
Bone.6,ATP1A2,Bone,ZR751,ED
Bone.6,PZP,Bone,ZR751,ED
Bone.6,ITGAL,Bone,ZR751,ED
Bone.6,CSMD3,Bone,ZR751,ED
Bone.6,VWA3A,Bone,ZR751,ED
Bone.6,NEB,Bone,ZR751,ED
Bone.6,GPR68,Bone,ZR751,ED
Bone.6,ACTN2,Bone,ZR751,ED
Bone.6,CD4,Bone,ZR751,ED
Bone.6,PTPRQ,Bone,ZR751,ED
Bone.6,APOB,Bone,ZR751,ED
Bone.6,PPFIA4,Bone,ZR751,ED
Bone.6,IGFN1,Bone,ZR751,ED
Bone.6,ITGB8,Bone,ZR751,ED
Bone.6,LOXL3,Bone,ZR751,ED
Bone.6,HOXB3,Bone,ZR751,ED
Bone.6,SOX6,Bone,ZR751,ED
Bone.6,ATP1A4,Bone,ZR751,ED
Bone.6,FAM186A,Bone,ZR751,ED
Bone.6,TRIM55,Bone,ZR751,ED
Bone.6,CCDC168,Bone,ZR751,ED
Bone.6,HOXB6,Bone,ZR751,ED
Bone.6,KALRN,Bone,ZR751,ED
Bone.6,OTOGL,Bone,ZR751,ED
Bone.6,CCER1,Bone,ZR751,ED
Bone.6,XYLT1,Bone,ZR751,ED
Bone.6,CA14,Bone,ZR751,ED
Bone.6,SORBS2,Bone,ZR751,ED
Bone.6,F8,Bone,ZR751,ED
Bone.6,FHOD3,Bone,ZR751,ED
Bone.6,THEM4,Bone,ZR751,ED
Bone.6,MGST1,Bone,ZR751,ED
Bone.6,CD101,Bone,ZR751,ED
Bone.6,PIANP,Bone,ZR751,ED
Bone.6,PLXNA4,Bone,ZR751,ED
Bone.6,AHNAK2,Bone,ZR751,ED
Bone.6,USH2A,Bone,ZR751,ED
Bone.6,ABCC12,Bone,ZR751,ED
Bone.6,COL6A6,Bone,ZR751,ED
Bone.6,C1R,Bone,ZR751,ED
Bone.6,A2M,Bone,ZR751,ED
Bone.6,TLL1,Bone,ZR751,ED
Bone.6,DISC1,Bone,ZR751,ED
Bone.6,SLC1A2,Bone,ZR751,ED
Bone.6,RNU4-2,Bone,ZR751,ED
Brain.1,AGR2,Brain,ZR751,ED
Brain.1,ATF7,Brain,ZR751,ED
Brain.1,EFNB2,Brain,ZR751,ED
Brain.1,SHLD2,Brain,ZR751,ED
Brain.1,PDCD6,Brain,ZR751,ED
Brain.1,NT5DC2,Brain,ZR751,ED
Brain.1,OCRL,Brain,ZR751,ED
Brain.1,CRPPA,Brain,ZR751,ED
Brain.1,MLLT1,Brain,ZR751,ED
Brain.1,USP32,Brain,ZR751,ED
Brain.1,ETV3,Brain,ZR751,ED
Brain.1,PAWR,Brain,ZR751,ED
Brain.1,FSIP2,Brain,ZR751,ED
Brain.1,PDXK,Brain,ZR751,ED
Brain.1,REV3L,Brain,ZR751,ED
Brain.1,WDR43,Brain,ZR751,ED
Brain.1,FBN2,Brain,ZR751,ED
Brain.1,COBL,Brain,ZR751,ED
Brain.1,SLC25A46,Brain,ZR751,ED
Brain.1,FMNL3,Brain,ZR751,ED
Brain.1,UBQLN4,Brain,ZR751,ED
Brain.1,BLVRA,Brain,ZR751,ED
Brain.1,ENPP1,Brain,ZR751,ED
Brain.1,COPG2,Brain,ZR751,ED
Brain.1,LIMCH1,Brain,ZR751,ED
Brain.1,VPS29,Brain,ZR751,ED
Brain.1,ATMIN,Brain,ZR751,ED
Brain.1,PKN1,Brain,ZR751,ED
Brain.1,WDR7,Brain,ZR751,ED
Brain.1,TIA1,Brain,ZR751,ED
Brain.1,MS4A7,Brain,ZR751,ED
Brain.1,TPGS2,Brain,ZR751,ED
Brain.1,PKHD1L1,Brain,ZR751,ED
Brain.1,MROH8,Brain,ZR751,ED
Brain.1,PSMD3,Brain,ZR751,ED
Brain.1,VASP,Brain,ZR751,ED
Brain.1,PFN2,Brain,ZR751,ED
Brain.1,NFE2L2,Brain,ZR751,ED
Brain.1,PIK3CA,Brain,ZR751,ED
Brain.1,SYTL2,Brain,ZR751,ED
Brain.1,KPNA3,Brain,ZR751,ED
Brain.1,RNU6ATAC,Brain,ZR751,ED
Brain.1,PARP9,Brain,ZR751,ED
Brain.1,SSB,Brain,ZR751,ED
Brain.1,TCTN2,Brain,ZR751,ED
Brain.1,G6PD,Brain,ZR751,ED
Brain.1,BAP1,Brain,ZR751,ED
Brain.1,MFAP3,Brain,ZR751,ED
Brain.1,LASP1,Brain,ZR751,ED
Brain.1,MELK,Brain,ZR751,ED
Brain.1,RHNO1,Brain,ZR751,ED
Brain.1,TSPAN8,Brain,ZR751,ED
Brain.1,CASP14,Brain,ZR751,ED
Brain.1,SNAP47,Brain,ZR751,ED
Brain.1,C6orf132,Brain,ZR751,ED
Brain.1,RNF111,Brain,ZR751,ED
Brain.1,DBN1,Brain,ZR751,ED
Brain.1,OSTC,Brain,ZR751,ED
Brain.1,MED14,Brain,ZR751,ED
Brain.1,RIOK3,Brain,ZR751,ED
Brain.1,QKI,Brain,ZR751,ED
Brain.1,ACAP3,Brain,ZR751,ED
Brain.1,MCFD2,Brain,ZR751,ED
Brain.1,CCNA2,Brain,ZR751,ED
Brain.1,KCTD10,Brain,ZR751,ED
Brain.1,EPN3,Brain,ZR751,ED
Brain.1,CTSA,Brain,ZR751,ED
Brain.1,TEP1,Brain,ZR751,ED
Brain.1,KLF2,Brain,ZR751,ED
Brain.1,PRKCD,Brain,ZR751,ED
Brain.1,EBAG9,Brain,ZR751,ED
Brain.1,PRR15,Brain,ZR751,ED
Brain.1,TOP3B,Brain,ZR751,ED
Brain.1,JMJD6,Brain,ZR751,ED
Brain.1,SNX6,Brain,ZR751,ED
Brain.1,PTPN23,Brain,ZR751,ED
Brain.1,ZBTB24,Brain,ZR751,ED
Brain.1,SNORA28,Brain,ZR751,ED
Brain.1,DSN1,Brain,ZR751,ED
Brain.1,ADH5,Brain,ZR751,ED
Brain.1,SH3GLB1,Brain,ZR751,ED
Brain.1,PACSIN1,Brain,ZR751,ED
Brain.1,PPP2R1A,Brain,ZR751,ED
Brain.1,CAD,Brain,ZR751,ED
Brain.1,ANKRD36BP1,Brain,ZR751,ED
Brain.1,RNF41,Brain,ZR751,ED
Brain.1,MTMR3,Brain,ZR751,ED
Brain.1,CIPC,Brain,ZR751,ED
Brain.1,NCOA4,Brain,ZR751,ED
Brain.1,PNP,Brain,ZR751,ED
Brain.1,FAM83B,Brain,ZR751,ED
Brain.1,TRPM4,Brain,ZR751,ED
Brain.1,ERCC6,Brain,ZR751,ED
Brain.1,ZFAND1,Brain,ZR751,ED
Brain.1,MAP4K3,Brain,ZR751,ED
Brain.1,ONECUT2,Brain,ZR751,ED
Brain.1,RALB,Brain,ZR751,ED
Brain.1,GUCY1A1,Brain,ZR751,ED
Brain.1,FBP1,Brain,ZR751,ED
Brain.1,N4BP2L2-IT2,Brain,ZR751,ED
Brain.1,TMEM184B,Brain,ZR751,ED
Brain.1,SNORA66,Brain,ZR751,ED
Brain.1,USP16,Brain,ZR751,ED
Brain.1,RUFY2,Brain,ZR751,ED
Brain.1,IDH3G,Brain,ZR751,ED
Brain.1,PSMA5,Brain,ZR751,ED
Brain.1,TCFL5,Brain,ZR751,ED
Brain.1,SAP30BP,Brain,ZR751,ED
Brain.1,ALG13,Brain,ZR751,ED
Brain.1,TSEN54,Brain,ZR751,ED
Brain.1,WDR48,Brain,ZR751,ED
Brain.1,LRRC14,Brain,ZR751,ED
Brain.1,LTBP1,Brain,ZR751,ED
Brain.1,RABGEF1,Brain,ZR751,ED
Brain.1,CDC25B,Brain,ZR751,ED
Brain.1,KARS1,Brain,ZR751,ED
Brain.1,PPP1R2,Brain,ZR751,ED
Brain.1,GGPS1,Brain,ZR751,ED
Brain.1,LMBR1,Brain,ZR751,ED
Brain.1,CEBPG,Brain,ZR751,ED
Brain.1,SNORA50A,Brain,ZR751,ED
Brain.1,KMT5A,Brain,ZR751,ED
Brain.1,KIF4A,Brain,ZR751,ED
Brain.1,KRT7,Brain,ZR751,ED
Brain.1,FNDC3A,Brain,ZR751,ED
Brain.1,LCOR,Brain,ZR751,ED
Brain.1,CXADR,Brain,ZR751,ED
Brain.1,SNORA12,Brain,ZR751,ED
Brain.1,KIF11,Brain,ZR751,ED
Brain.1,CAPNS1,Brain,ZR751,ED
Brain.1,CACNA1D,Brain,ZR751,ED
Brain.1,PGAP6,Brain,ZR751,ED
Brain.1,ATP5F1E,Brain,ZR751,ED
Brain.1,TMEM63A,Brain,ZR751,ED
Brain.1,NHLRC2,Brain,ZR751,ED
Brain.1,PER3,Brain,ZR751,ED
Brain.1,SLC25A44,Brain,ZR751,ED
Brain.1,RNA5S11,Brain,ZR751,ED
Brain.1,RNA5S10,Brain,ZR751,ED
Brain.1,RNA5S12,Brain,ZR751,ED
Brain.1,RNA5S3,Brain,ZR751,ED
Brain.1,SAMD12,Brain,ZR751,ED
Brain.1,HEBP2,Brain,ZR751,ED
Brain.1,RAPGEF2,Brain,ZR751,ED
Brain.1,DTX3L,Brain,ZR751,ED
Brain.1,AQR,Brain,ZR751,ED
Brain.1,ABCG1,Brain,ZR751,ED
Brain.1,RASSF3,Brain,ZR751,ED
Brain.1,AK3,Brain,ZR751,ED
Brain.1,INTS7,Brain,ZR751,ED
Brain.1,GPR160,Brain,ZR751,ED
Brain.1,SC5D,Brain,ZR751,ED
Brain.1,ERI2,Brain,ZR751,ED
Brain.1,ODF2L,Brain,ZR751,ED
Brain.1,CIC,Brain,ZR751,ED
Brain.1,BICDL1,Brain,ZR751,ED
Brain.1,RNA5S16,Brain,ZR751,ED
Brain.1,GOLGA7,Brain,ZR751,ED
Brain.1,RNA5S15,Brain,ZR751,ED
Brain.1,RNA5S17,Brain,ZR751,ED
Brain.1,RNA5S14,Brain,ZR751,ED
Brain.1,RNA5S13,Brain,ZR751,ED
Brain.1,DOCK1,Brain,ZR751,ED
Brain.1,EIF1AX,Brain,ZR751,ED
Brain.1,HSBP1,Brain,ZR751,ED
Brain.1,MPDZ,Brain,ZR751,ED
Brain.1,VCL,Brain,ZR751,ED
Brain.1,FBRSL1,Brain,ZR751,ED
Brain.1,KRT80,Brain,ZR751,ED
Brain.1,TRA2B,Brain,ZR751,ED
Brain.1,FAM199X,Brain,ZR751,ED
Brain.1,PTPRS,Brain,ZR751,ED
Brain.1,KIAA1217,Brain,ZR751,ED
Brain.1,RHOB,Brain,ZR751,ED
Brain.1,SCARNA22,Brain,ZR751,ED
Brain.2,SNORA64,Brain,ZR751,ED
Brain.2,SNORD15B,Brain,ZR751,ED
Brain.2,ACTG1,Brain,ZR751,ED
Brain.2,SNORA49,Brain,ZR751,ED
Brain.2,PKD1,Brain,ZR751,ED
Brain.2,IQGAP1,Brain,ZR751,ED
Brain.2,IARS2,Brain,ZR751,ED
Brain.2,EPRS1,Brain,ZR751,ED
Brain.2,MAN1A2,Brain,ZR751,ED
Brain.2,NBPF1,Brain,ZR751,ED
Brain.2,UBAP2L,Brain,ZR751,ED
Brain.2,CNOT1,Brain,ZR751,ED
Brain.2,CBX5,Brain,ZR751,ED
Brain.2,ENSA,Brain,ZR751,ED
Brain.2,SREK1,Brain,ZR751,ED
Brain.2,CALM2,Brain,ZR751,ED
Brain.2,RPL12,Brain,ZR751,ED
Brain.2,OS9,Brain,ZR751,ED
Brain.2,BROX,Brain,ZR751,ED
Brain.2,FOXA1,Brain,ZR751,ED
Brain.2,HNRNPA1,Brain,ZR751,ED
Brain.2,EIF4G1,Brain,ZR751,ED
Brain.2,NOMO2,Brain,ZR751,ED
Brain.2,NOTCH2,Brain,ZR751,ED
Brain.2,ADNP,Brain,ZR751,ED
Brain.2,HNRNPA2B1,Brain,ZR751,ED
Brain.2,ELAPOR1,Brain,ZR751,ED
Brain.2,MED13L,Brain,ZR751,ED
Brain.2,GALNT6,Brain,ZR751,ED
Brain.2,RPL5,Brain,ZR751,ED
Brain.2,CERS2,Brain,ZR751,ED
Brain.2,PDCD6IP,Brain,ZR751,ED
Brain.2,MT-CYB,Brain,ZR751,ED
Brain.2,LGALS8,Brain,ZR751,ED
Brain.2,ERLIN2,Brain,ZR751,ED
Brain.2,SRSF6,Brain,ZR751,ED
Brain.2,EZR,Brain,ZR751,ED
Brain.2,PI4KA,Brain,ZR751,ED
Brain.2,NBPF26,Brain,ZR751,ED
Brain.2,YWHAZ,Brain,ZR751,ED
Brain.2,COPB2,Brain,ZR751,ED
Brain.2,NOMO3,Brain,ZR751,ED
Brain.2,CPE,Brain,ZR751,ED
Brain.2,NCOA6,Brain,ZR751,ED
Brain.2,TAF15,Brain,ZR751,ED
Brain.2,WASL,Brain,ZR751,ED
Brain.2,KDM5B,Brain,ZR751,ED
Brain.2,ATXN2L,Brain,ZR751,ED
Brain.2,NSD3,Brain,ZR751,ED
Brain.2,RPL18A,Brain,ZR751,ED
Brain.2,TLE5,Brain,ZR751,ED
Brain.2,PCGF3,Brain,ZR751,ED
Brain.2,EIF4B,Brain,ZR751,ED
Brain.2,HNRNPR,Brain,ZR751,ED
Brain.2,MATR3,Brain,ZR751,ED
Brain.2,IQCE,Brain,ZR751,ED
Brain.2,PTP4A1,Brain,ZR751,ED
Brain.2,XRCC5,Brain,ZR751,ED
Brain.2,PLEKHF2,Brain,ZR751,ED
Brain.2,SRRM2,Brain,ZR751,ED
Brain.2,AHNAK,Brain,ZR751,ED
Brain.2,MYO5B,Brain,ZR751,ED
Brain.2,NFIB,Brain,ZR751,ED
Brain.2,GNB1,Brain,ZR751,ED
Brain.2,AKAP9,Brain,ZR751,ED
Brain.2,ATN1,Brain,ZR751,ED
Brain.2,CDC42BPA,Brain,ZR751,ED
Brain.2,RNU5A-1,Brain,ZR751,ED
Brain.2,FAT1,Brain,ZR751,ED
Brain.2,CHD6,Brain,ZR751,ED
Brain.2,CFL1,Brain,ZR751,ED
Brain.2,SPTLC2,Brain,ZR751,ED
Brain.2,TNRC18,Brain,ZR751,ED
Brain.2,CHD4,Brain,ZR751,ED
Brain.2,TNKS1BP1,Brain,ZR751,ED
Brain.2,SFPQ,Brain,ZR751,ED
Brain.2,GOLGA8A,Brain,ZR751,ED
Brain.2,MUC19,Brain,ZR751,ED
Brain.2,EHF,Brain,ZR751,ED
Brain.2,PGD,Brain,ZR751,ED
Brain.2,MTMR4,Brain,ZR751,ED
Brain.2,USP14,Brain,ZR751,ED
Brain.2,BSG,Brain,ZR751,ED
Brain.2,SNORA3B,Brain,ZR751,ED
Brain.2,FAM20B,Brain,ZR751,ED
Brain.2,SUZ12,Brain,ZR751,ED
Brain.2,RNF213,Brain,ZR751,ED
Brain.2,DBI,Brain,ZR751,ED
Brain.2,SNORD3D,Brain,ZR751,ED
Brain.2,DNAJC10,Brain,ZR751,ED
Brain.2,PPP1CA,Brain,ZR751,ED
Brain.2,GOLGA8B,Brain,ZR751,ED
Brain.2,GOLGA4,Brain,ZR751,ED
Brain.2,SNORA73B,Brain,ZR751,ED
Brain.2,ANKRD50,Brain,ZR751,ED
Brain.2,S100A14,Brain,ZR751,ED
Brain.2,EEF2,Brain,ZR751,ED
Brain.2,SEC62,Brain,ZR751,ED
Brain.2,CD46,Brain,ZR751,ED
Brain.2,TOP1,Brain,ZR751,ED
Brain.2,MT-ATP8,Brain,ZR751,ED
Brain.2,RERE,Brain,ZR751,ED
Brain.2,CCND1,Brain,ZR751,ED
Brain.2,RAB13,Brain,ZR751,ED
Brain.2,SNORA22,Brain,ZR751,ED
Brain.2,PTPRS,Brain,ZR751,ED
Brain.2,CALR,Brain,ZR751,ED
Brain.2,SLC7A6,Brain,ZR751,ED
Brain.2,HNRNPU,Brain,ZR751,ED
Brain.2,RPSA,Brain,ZR751,ED
Brain.2,SNORD45A,Brain,ZR751,ED
Brain.2,IGFBP5,Brain,ZR751,ED
Brain.2,CHD2,Brain,ZR751,ED
Brain.2,SRGAP1,Brain,ZR751,ED
Brain.2,REEP5,Brain,ZR751,ED
Brain.2,CCT5,Brain,ZR751,ED
Brain.2,SNORA6,Brain,ZR751,ED
Brain.2,CAPRIN1,Brain,ZR751,ED
Brain.2,NIPBL,Brain,ZR751,ED
Brain.2,RPL4,Brain,ZR751,ED
Brain.2,PTPRF,Brain,ZR751,ED
Brain.2,RPL3,Brain,ZR751,ED
Brain.2,HECTD4,Brain,ZR751,ED
Brain.2,RPS3A,Brain,ZR751,ED
Brain.2,CLIP1,Brain,ZR751,ED
Brain.2,IPO9,Brain,ZR751,ED
Brain.2,RPL7,Brain,ZR751,ED
Brain.2,NONO,Brain,ZR751,ED
Brain.2,EEF1G,Brain,ZR751,ED
Brain.2,DSTN,Brain,ZR751,ED
Brain.2,CTNNA1,Brain,ZR751,ED
Brain.2,MT-ND2,Brain,ZR751,ED
Brain.2,WDR26,Brain,ZR751,ED
Brain.2,SNORA14B,Brain,ZR751,ED
Brain.2,NUCKS1,Brain,ZR751,ED
Brain.2,RPL22,Brain,ZR751,ED
Brain.2,PRKAR1A,Brain,ZR751,ED
Brain.2,MT-ND4,Brain,ZR751,ED
Brain.2,WNK1,Brain,ZR751,ED
Brain.2,P4HB,Brain,ZR751,ED
Brain.2,RPL23A,Brain,ZR751,ED
Brain.2,CLTC,Brain,ZR751,ED
Brain.2,ACTB,Brain,ZR751,ED
Brain.2,MT-ND5,Brain,ZR751,ED
Brain.3,AGL,Brain,ZR751,ED
Brain.3,PRUNE2,Brain,ZR751,ED
Brain.3,MUC16,Brain,ZR751,ED
Brain.3,CRPPA,Brain,ZR751,ED
Brain.3,RAB3IP,Brain,ZR751,ED
Brain.3,AGR2,Brain,ZR751,ED
Brain.3,HYDIN,Brain,ZR751,ED
Brain.3,NFE2L1,Brain,ZR751,ED
Brain.3,OSBPL2,Brain,ZR751,ED
Brain.3,AIDA,Brain,ZR751,ED
Brain.3,KIAA1671,Brain,ZR751,ED
Brain.3,RRP15,Brain,ZR751,ED
Brain.3,B3GALNT2,Brain,ZR751,ED
Brain.3,SPAG5,Brain,ZR751,ED
Brain.3,COMMD3-BMI1,Brain,ZR751,ED
Brain.3,NOP56,Brain,ZR751,ED
Brain.3,MRPL9,Brain,ZR751,ED
Brain.3,BMI1,Brain,ZR751,ED
Brain.3,PDK3,Brain,ZR751,ED
Brain.3,PPIP5K2,Brain,ZR751,ED
Brain.3,ODF2,Brain,ZR751,ED
Brain.3,DYNC1LI2,Brain,ZR751,ED
Brain.3,LRP1B,Brain,ZR751,ED
Brain.3,TBC1D4,Brain,ZR751,ED
Brain.3,HTT,Brain,ZR751,ED
Brain.3,RNF6,Brain,ZR751,ED
Brain.3,PXN,Brain,ZR751,ED
Brain.3,CLINT1,Brain,ZR751,ED
Brain.3,ZDHHC3,Brain,ZR751,ED
Brain.3,WNT5A,Brain,ZR751,ED
Brain.3,MYO9A,Brain,ZR751,ED
Brain.3,PAWR,Brain,ZR751,ED
Brain.3,UBE3C,Brain,ZR751,ED
Brain.3,CDK5RAP2,Brain,ZR751,ED
Brain.3,CBX1,Brain,ZR751,ED
Brain.3,EXOC8,Brain,ZR751,ED
Brain.3,MTMR4,Brain,ZR751,ED
Brain.3,PAFAH1B1,Brain,ZR751,ED
Brain.3,CEACAM6,Brain,ZR751,ED
Brain.3,TKT,Brain,ZR751,ED
Brain.3,MORC4,Brain,ZR751,ED
Brain.3,ATL3,Brain,ZR751,ED
Brain.3,PLXDC2,Brain,ZR751,ED
Brain.3,UTP25,Brain,ZR751,ED
Brain.3,ZNF451,Brain,ZR751,ED
Brain.3,RGMB,Brain,ZR751,ED
Brain.3,RESF1,Brain,ZR751,ED
Brain.3,ROCK2,Brain,ZR751,ED
Brain.3,RPRD1A,Brain,ZR751,ED
Brain.3,MIPEP,Brain,ZR751,ED
Brain.3,CKAP2,Brain,ZR751,ED
Brain.3,FYTTD1,Brain,ZR751,ED
Brain.3,S100A14,Brain,ZR751,ED
Brain.3,ZNF207,Brain,ZR751,ED
Brain.3,GID8,Brain,ZR751,ED
Brain.3,SPECC1L,Brain,ZR751,ED
Brain.3,TLN1,Brain,ZR751,ED
Brain.3,MPRIP,Brain,ZR751,ED
Brain.3,SERTAD4,Brain,ZR751,ED
Brain.3,LNPK,Brain,ZR751,ED
Brain.3,PROSER1,Brain,ZR751,ED
Brain.3,ARHGAP11A,Brain,ZR751,ED
Brain.3,SPCS3,Brain,ZR751,ED
Brain.3,MFN2,Brain,ZR751,ED
Brain.3,PARK7,Brain,ZR751,ED
Brain.3,STUB1,Brain,ZR751,ED
Brain.3,TLE1,Brain,ZR751,ED
Brain.3,TSPAN9,Brain,ZR751,ED
Brain.3,ITSN1,Brain,ZR751,ED
Brain.3,GSN,Brain,ZR751,ED
Brain.3,CCDC50,Brain,ZR751,ED
Brain.3,USP32,Brain,ZR751,ED
Brain.3,PHF20,Brain,ZR751,ED
Brain.3,SDHA,Brain,ZR751,ED
Brain.3,GRB2,Brain,ZR751,ED
Brain.3,MBNL2,Brain,ZR751,ED
Brain.3,POLI,Brain,ZR751,ED
Brain.3,RAF1,Brain,ZR751,ED
Brain.3,TOM1L2,Brain,ZR751,ED
Brain.3,PCNX2,Brain,ZR751,ED
Brain.3,MOB1A,Brain,ZR751,ED
Brain.3,CDC42,Brain,ZR751,ED
Brain.3,GRIN2B,Brain,ZR751,ED
Brain.3,TMOD3,Brain,ZR751,ED
Brain.3,TSPAN13,Brain,ZR751,ED
Brain.3,ABCE1,Brain,ZR751,ED
Brain.3,ADGRL3,Brain,ZR751,ED
Brain.3,OAT,Brain,ZR751,ED
Brain.3,NFYB,Brain,ZR751,ED
Brain.3,NEMP1,Brain,ZR751,ED
Brain.3,RBM19,Brain,ZR751,ED
Brain.3,NF2,Brain,ZR751,ED
Brain.3,MAPK1,Brain,ZR751,ED
Brain.3,SMU1,Brain,ZR751,ED
Brain.3,TTLL5,Brain,ZR751,ED
Brain.3,EIF1,Brain,ZR751,ED
Brain.3,SHC1,Brain,ZR751,ED
Brain.3,ZDHHC21,Brain,ZR751,ED
Brain.3,U2AF2,Brain,ZR751,ED
Brain.3,TNRC6B,Brain,ZR751,ED
Brain.3,WASF2,Brain,ZR751,ED
Brain.3,PPIL2,Brain,ZR751,ED
Brain.3,H1-10,Brain,ZR751,ED
Brain.3,ZFP90,Brain,ZR751,ED
Brain.3,WWC3,Brain,ZR751,ED
Brain.3,NFIX,Brain,ZR751,ED
Brain.3,INO80,Brain,ZR751,ED
Brain.3,CEP192,Brain,ZR751,ED
Brain.3,CCP110,Brain,ZR751,ED
Brain.3,ZNF629,Brain,ZR751,ED
Brain.3,DDX56,Brain,ZR751,ED
Brain.3,DNHD1,Brain,ZR751,ED
Brain.3,CBX2,Brain,ZR751,ED
Brain.3,RANGAP1,Brain,ZR751,ED
Brain.3,ENOPH1,Brain,ZR751,ED
Brain.3,FLII,Brain,ZR751,ED
Brain.3,SOX4,Brain,ZR751,ED
Brain.3,PPP2R3A,Brain,ZR751,ED
Brain.3,MTCH2,Brain,ZR751,ED
Brain.3,NBAS,Brain,ZR751,ED
Brain.3,SH3GLB1,Brain,ZR751,ED
Brain.3,WASHC5,Brain,ZR751,ED
Brain.3,SETD3,Brain,ZR751,ED
Brain.3,FEM1C,Brain,ZR751,ED
Brain.3,IFT140,Brain,ZR751,ED
Brain.3,TTN,Brain,ZR751,ED
Brain.3,EIF3J,Brain,ZR751,ED
Brain.3,UBFD1,Brain,ZR751,ED
Brain.3,ATRN,Brain,ZR751,ED
Brain.3,PDXK,Brain,ZR751,ED
Brain.3,KRT8,Brain,ZR751,ED
Brain.3,C12orf4,Brain,ZR751,ED
Brain.3,RBM12B,Brain,ZR751,ED
Brain.3,S100A13,Brain,ZR751,ED
Brain.3,TDRKH,Brain,ZR751,ED
Brain.3,ACAP2,Brain,ZR751,ED
Brain.3,MYO9B,Brain,ZR751,ED
Brain.3,ZNF609,Brain,ZR751,ED
Brain.3,SERINC3,Brain,ZR751,ED
Brain.3,HIP1R,Brain,ZR751,ED
Brain.3,RC3H1,Brain,ZR751,ED
Brain.3,CPNE3,Brain,ZR751,ED
Brain.3,B4GALT1,Brain,ZR751,ED
Brain.3,ATXN2,Brain,ZR751,ED
Brain.3,TMF1,Brain,ZR751,ED
Brain.3,NEMF,Brain,ZR751,ED
Brain.3,DACH1,Brain,ZR751,ED
Brain.3,EGLN1,Brain,ZR751,ED
Brain.3,PER2,Brain,ZR751,ED
Brain.3,BICDL1,Brain,ZR751,ED
Brain.3,KHDRBS1,Brain,ZR751,ED
Brain.3,DIAPH1,Brain,ZR751,ED
Brain.3,PSME4,Brain,ZR751,ED
Brain.3,RNA5S9,Brain,ZR751,ED
Brain.3,CCDC57,Brain,ZR751,ED
Brain.3,HIPK3,Brain,ZR751,ED
Brain.3,ZNF462,Brain,ZR751,ED
Brain.3,MTDH,Brain,ZR751,ED
Brain.3,ARPC5,Brain,ZR751,ED
Brain.3,HIPK2,Brain,ZR751,ED
Brain.3,MUC19,Brain,ZR751,ED
Brain.3,PHKB,Brain,ZR751,ED
Brain.3,CAPN2,Brain,ZR751,ED
Brain.3,TPM4,Brain,ZR751,ED
Brain.3,IQCE,Brain,ZR751,ED
Brain.3,RIMKLB,Brain,ZR751,ED
Brain.3,SSPN,Brain,ZR751,ED
Brain.3,PPP1CA,Brain,ZR751,ED
Brain.3,CTDSP2,Brain,ZR751,ED
Brain.3,LPGAT1,Brain,ZR751,ED
Brain.3,TMCO3,Brain,ZR751,ED
Brain.3,ENO1,Brain,ZR751,ED
Brain.3,TET2,Brain,ZR751,ED
Brain.4,PLCXD3,Brain,MCF7,E2
Brain.4,SULF1,Brain,MCF7,E2
Brain.4,IFI44,Brain,MCF7,E2
Brain.4,PCDH10,Brain,MCF7,E2
Brain.4,RASGRP1,Brain,MCF7,E2
Brain.4,PABPC4L,Brain,MCF7,E2
Brain.4,LDLRAD4,Brain,MCF7,E2
Brain.4,HERC6,Brain,MCF7,E2
Brain.4,GPR171,Brain,MCF7,E2
Brain.4,GPR132,Brain,MCF7,E2
Brain.4,SAMD9,Brain,MCF7,E2
Brain.4,TGM2,Brain,MCF7,E2
Brain.4,BRINP3,Brain,MCF7,E2
Brain.4,TSIX,Brain,MCF7,E2
Brain.4,ADAMTS19,Brain,MCF7,E2
Brain.4,ITGB6,Brain,MCF7,E2
Brain.4,LRRTM3,Brain,MCF7,E2
Brain.4,SEMA3D,Brain,MCF7,E2
Brain.4,IFITM1,Brain,MCF7,E2
Brain.4,RNU4-2,Brain,MCF7,E2
Brain.4,BISPR,Brain,MCF7,E2
Brain.4,MX2,Brain,MCF7,E2
Brain.4,LINC02720,Brain,MCF7,E2
Brain.4,ZSCAN22,Brain,MCF7,E2
Brain.4,IFIT3,Brain,MCF7,E2
Brain.4,VCAN,Brain,MCF7,E2
Brain.4,IFI27,Brain,MCF7,E2
Brain.4,DDX60,Brain,MCF7,E2
Brain.4,EFNA5,Brain,MCF7,E2
Brain.4,ZNF827,Brain,MCF7,E2
Brain.4,FUT9,Brain,MCF7,E2
Brain.4,GABRP,Brain,MCF7,E2
Brain.4,LRP1B,Brain,MCF7,E2
Brain.4,CAV1,Brain,MCF7,E2
Brain.4,GRIN1,Brain,MCF7,E2
Brain.4,MISP3,Brain,MCF7,E2
Brain.4,MIR1207,Brain,MCF7,E2
Brain.4,SLC27A6,Brain,MCF7,E2
Brain.4,BST2,Brain,MCF7,E2
Brain.4,HMCN1,Brain,MCF7,E2
Brain.4,FAT4,Brain,MCF7,E2
Brain.4,XAF1,Brain,MCF7,E2
Brain.4,ZNF462,Brain,MCF7,E2
Brain.4,PXYLP1,Brain,MCF7,E2
Brain.4,KLHL23,Brain,MCF7,E2
Brain.4,COL5A1,Brain,MCF7,E2
Brain.4,OAS1,Brain,MCF7,E2
Brain.4,IFIT1,Brain,MCF7,E2
Brain.4,PRUNE2,Brain,MCF7,E2
Brain.4,TGFB2,Brain,MCF7,E2
Brain.4,ROBO1,Brain,MCF7,E2
Brain.4,FSTL3,Brain,MCF7,E2
Brain.4,NBPF6,Brain,MCF7,E2
Brain.4,MX1,Brain,MCF7,E2
Brain.4,BMPER,Brain,MCF7,E2
Brain.4,COL4A6,Brain,MCF7,E2
Brain.4,RIMS4,Brain,MCF7,E2
Brain.4,CDR1,Brain,MCF7,E2
Brain.4,LCP1,Brain,MCF7,E2
Brain.4,MEIS1,Brain,MCF7,E2
Brain.4,DDX58,Brain,MCF7,E2
Brain.4,BMP5,Brain,MCF7,E2
Brain.4,FAM169A,Brain,MCF7,E2
Brain.4,RABEPK,Brain,MCF7,E2
Brain.4,MPZL2,Brain,MCF7,E2
Brain.4,PLSCR1,Brain,MCF7,E2
Brain.4,PARP9,Brain,MCF7,E2
Kidney.1,CEACAM5,Kidney,MCF7,E2
Kidney.1,ADGRG6,Kidney,MCF7,E2
Kidney.1,MSL2,Kidney,MCF7,E2
Kidney.1,EPN2,Kidney,MCF7,E2
Kidney.1,TRIM13,Kidney,MCF7,E2
Kidney.1,RASSF8,Kidney,MCF7,E2
Kidney.1,ZNF286A,Kidney,MCF7,E2
Kidney.1,PMP22,Kidney,MCF7,E2
Kidney.1,ZNF623,Kidney,MCF7,E2
Kidney.1,ZMAT2,Kidney,MCF7,E2
Kidney.1,POLR2D,Kidney,MCF7,E2
Kidney.1,SEMA3A,Kidney,MCF7,E2
Kidney.1,ZNF43,Kidney,MCF7,E2
Kidney.1,MMADHC,Kidney,MCF7,E2
Kidney.1,PABPC4L,Kidney,MCF7,E2
Kidney.1,DTNB,Kidney,MCF7,E2
Kidney.1,PDCL3,Kidney,MCF7,E2
Kidney.1,DBN1,Kidney,MCF7,E2
Kidney.1,FADS1,Kidney,MCF7,E2
Kidney.1,OSBPL10,Kidney,MCF7,E2
Kidney.1,RYBP,Kidney,MCF7,E2
Kidney.1,NEBL,Kidney,MCF7,E2
Kidney.1,DEPDC1B,Kidney,MCF7,E2
Kidney.1,ADSS2,Kidney,MCF7,E2
Kidney.1,INIP,Kidney,MCF7,E2
Kidney.1,EARS2,Kidney,MCF7,E2
Kidney.1,MORC3,Kidney,MCF7,E2
Kidney.1,MEN1,Kidney,MCF7,E2
Kidney.1,RDH11,Kidney,MCF7,E2
Kidney.1,ZNF627,Kidney,MCF7,E2
Kidney.1,FUT9,Kidney,MCF7,E2
Kidney.1,RPF2,Kidney,MCF7,E2
Kidney.1,RANBP10,Kidney,MCF7,E2
Kidney.1,LAMTOR1,Kidney,MCF7,E2
Kidney.1,TNNT1,Kidney,MCF7,E2
Kidney.1,EIF2D,Kidney,MCF7,E2
Kidney.1,GFOD2,Kidney,MCF7,E2
Kidney.1,PCDH10,Kidney,MCF7,E2
Kidney.1,ZNF121,Kidney,MCF7,E2
Kidney.1,ZNF675,Kidney,MCF7,E2
Kidney.1,SLC2A4RG,Kidney,MCF7,E2
Kidney.1,EML1,Kidney,MCF7,E2
Kidney.1,TMEM184A,Kidney,MCF7,E2
Kidney.1,DCAF17,Kidney,MCF7,E2
Kidney.1,ARAP2,Kidney,MCF7,E2
Kidney.1,CBR4,Kidney,MCF7,E2
Kidney.1,MAP3K8,Kidney,MCF7,E2
Kidney.1,TMEM65,Kidney,MCF7,E2
Kidney.1,SPOP,Kidney,MCF7,E2
Kidney.1,COPS2,Kidney,MCF7,E2
Kidney.1,POF1B,Kidney,MCF7,E2
Kidney.1,CLK2,Kidney,MCF7,E2
Kidney.1,STRADA,Kidney,MCF7,E2
Kidney.1,BCAP29,Kidney,MCF7,E2
Kidney.1,C11orf80,Kidney,MCF7,E2
Kidney.1,RLF,Kidney,MCF7,E2
Kidney.1,ZNF736,Kidney,MCF7,E2
Kidney.1,ATXN10,Kidney,MCF7,E2
Kidney.1,HMMR,Kidney,MCF7,E2
Kidney.1,FAM111A,Kidney,MCF7,E2
Kidney.1,SEPTIN8,Kidney,MCF7,E2
Kidney.1,PDLIM5,Kidney,MCF7,E2
Kidney.1,MGP,Kidney,MCF7,E2
Kidney.1,ATF7IP2,Kidney,MCF7,E2
Kidney.1,ATP11C,Kidney,MCF7,E2
Kidney.1,TSPAN13,Kidney,MCF7,E2
Kidney.1,LTBP1,Kidney,MCF7,E2
